<?xml version="1.0" encoding="UTF-8" standalone="yes"?>
<addon id="service.subtitles.opensubtitles_by_opensubtitles_by_nice"
       name="OpenSubtitles.org by OpenSubtitles"
       version="5.2.16"
       provider-name="amet, opensubtitles">
  <requires>
    <import addon="script.module.subs2n" version="1.0.0"/>
    <import addon="script.module.chardet" />
    <import addon="xbmc.python" version="3.0.0"/>
  </requires>
  <extension point="xbmc.subtitle.module"
             library="service.py" />
  <extension point="xbmc.addon.metadata">
    <summary lang="en_GB">OpenSubtitles by OpenSubtitles.org</summary>
    <summary lang="hr_HR">OpenSubtitles.org podnaslovi</summary>
    <description lang="en_GB">Anonymously search and download subtitles for movies and TV-Series from OpenSubtitles.org without log-in. Search in 75 languages, 4.000.000+ subtitles, daily updates. </description>
	<news>
Improved add-on by OpenSubtitles.org
v5.2.15 (2020-04-27)
- Ported to python 3.0. The 30th anniversary of the Restoration of Independence of Lithuania

v5.2.14 (2017-01-23)
- Users are able to download subtitles as anonymous without authentication. Added localized descriptions, media files
- New feature: Users are able to check for subtitles when Kodi is not playing, by using the manual search or by standing on an item and opening the subtitles search dialog (By key or by an external addon)  | @burekas
	</news>
    <platform>all</platform>
    <license>GNU GENERAL PUBLIC LICENSE. Version 2, June 1991</license>
    <forum>https://forum.opensubtitles.org/viewtopic.php?f=8&amp;t=15847</forum>
    <website>http://www.opensubtitles.org</website>
    <email>admin [at] opensubtitles {dot} org</email>                                               
	<assets>
	    <icon>resources/media/os_logo_512x512.png</icon>
	    <fanart>resources/media/os_fanart.jpg</fanart>    
		<screenshot>resources/media/screenshot_1.jpg</screenshot>
		<screenshot>resources/media/screenshot_2.jpg</screenshot>
		<screenshot>resources/media/screenshot_3.jpg</screenshot>				
	</assets>
    <source>https://github.com/opensubtitles/service.subtitles.opensubtitles_by_opensubtitles</source>    
  </extension>
</addon>
