<?xml version="1.0" encoding="UTF-8" standalone="yes"?>
<addon id="repository.nice" version="1.0.0" name="[COLOR red][B]NICE[/B][/COLOR] [COLOR yellow][B]Repository[/B][/COLOR]" provider-name="NICE">
    <requires>
        <import addon="xbmc.addon" version="12.0.0"/>
    </requires>
    <extension point="xbmc.addon.repository" name="NICE Repository">
        <dir>
            <info compressed="false">https://raw.github.com/PhatDatPQ/smrzips/master/addons.xml</info>
            <checksum>https://raw.github.com/PhatDatPQ/smrzips/master/addons.xml.md5</checksum>
            <datadir zip="true">https://github.com/PhatDatPQ/smrzips/raw/master/zips/</datadir>
        </dir>
        <dir>
            <info compressed="false">https://raw.githubusercontent.com/jsergio123/zips/master/addons.xml</info>
            <checksum>https://raw.githubusercontent.com/jsergio123/zips/master/addons.xml.md5</checksum>
            <datadir zip="true">https://raw.githubusercontent.com/jsergio123/zips/master/zips/</datadir>
        </dir>
    </extension>
    <extension point="xbmc.addon.metadata">
        <summary lang="en">Nice Repository</summary>
        <description lang="en">This is official Nice Repository
        </description>
        <disclaimer lang="en">The provider is not responsible for any issues caused by using this addon.
        </disclaimer>
        <email>nofearlose@gmail.com</email>
        <platform>all</platform>
    </extension>
</addon>
